"Language","App Name","Short Description","Full Description"
"en","Lumi: Learn Languages & Play","Interactive vocabulary games and language learning for kids with Lumi.","Welcome to Lumi, an interactive language and vocabulary learning app designed for children and young learners!

Lumi combines early education with engaging mini-games to help children build a solid foundation in multiple languages, including English, Spanish, Vietnamese, French, and German. Through speech practice, audio recognition, visual quizzes, and playful activities, discovering a new language is a joyful daily experience.

Key Features:

• Structured Vocabulary Lessons: Curated learning topics designed for young learners.
• Multi-Sensory Mini-Games: Play picture quizzes, match sounds, mix colors, and find hidden objects.
• Animated Mascot Lumi: A lively companion that reacts in real time, celebrates milestones, and keeps learners engaged.
• On-Device Progress Tracking: Review daily learning streaks, quiz scores, and vocabulary retention graphs offline.
• Speech Practice & Audio: Listen to clear pronunciations and practice speaking with interactive exercises.
• Safe Environment: Designed for kids with parental gate protection and no intrusive ads.

Lumi offers parents a structured and engaging way to introduce foreign languages at home. Download Lumi and begin your child's language learning journey today!"
"es","Lumi: Aprende idiomas","Aprende vocabulario e idiomas con juegos interactivos para niños con Lumi.","¡Te damos la bienvenida a Lumi, la aplicación interactiva para que los niños aprendan idiomas y vocabulario de forma amena y estructurada!

Lumi combina el aprendizaje con entretenidos minijuegos interactivos que ayudan a los niños a desarrollar una base sólida en varios idiomas, como inglés, español, vietnamita, francés y alemán. Mediante ejercicios de pronunciación, reconocimiento auditivo, cuestionarios visuales y divertidas actividades, aprender un nuevo idioma se convierte en una experiencia diaria estimulante.

Características principales:

• Lecciones de vocabulario estructuradas: Temas adaptados para el aprendizaje infantil temprano.
• Juegos multisensoriales: Resuelve cuestionarios ilustrados, empareja sonidos, mezcla colores y encuentra objetos ocultos.
• Mascota animada Lumi: Un simpático compañero que reacciona en tiempo real, celebra los logros y mantiene la motivación.
• Seguimiento del progreso: Consulta rachas diarias, puntuaciones y gráficos de vocabulario en el dispositivo.
• Práctica de pronunciación y audio: Escucha grabaciones claras y practica la voz con ejercicios interactivos.
• Entorno seguro: Diseñado para niños, con control parental y sin anuncios invasivos.

Lumi ayuda a las familias a introducir nuevos idiomas en casa de forma amena y organizada. ¡Descarga Lumi y acompaña a tus hijos en su aventura de aprendizaje!"
"vi","Lumi: Học từ vựng & chơi","Học ngoại ngữ và từ vựng qua trò chơi tương tác bổ ích cho bé cùng Lumi.","Chào mừng bé đến với Lumi - ứng dụng tương tác giúp trẻ em học ngoại ngữ và mở rộng vốn từ vựng một cách tự nhiên và bài bản!

Lumi kết hợp phương pháp giáo dục trực quan với các trò chơi nhỏ thú vị, hỗ trợ bé xây dựng nền tảng vững chắc trong các ngôn ngữ như tiếng Anh, tiếng Tây Ban Nha, tiếng Việt, tiếng Pháp và tiếng Đức. Qua luyện phát âm, nhận diện âm thanh, câu đố hình ảnh và hoạt động tương tác, việc khám phá ngôn ngữ mới sẽ trở thành niềm vui mỗi ngày.

Tính năng nổi bật:

• Bài học từ vựng bài bản: Các chủ đề quen thuộc, hình ảnh sinh động phù hợp với độ tuổi nhỏ.
• Trò chơi đa giác quan: Đố vui hình ảnh, ghép âm thanh chuẩn, pha màu sắc và tìm kiếm đồ vật ẩn giấu.
• Bạn đồng hành Lumi: Nhân vật hoạt họa đáng yêu tương tác sinh động, chúc mừng thành tích và tạo động lực học tập.
• Theo dõi tiến độ trực quan: Ghi nhận chuỗi ngày học liên tục, điểm số và biểu đồ ghi nhớ từ vựng ngay trên máy.
• Luyện nghe và phát âm: Nghe phát âm rõ ràng và thực hành nói qua các bài tập tương tác.
• An toàn cho trẻ em: Giao diện thân thiện, có khóa phụ huynh an toàn và không chứa quảng cáo gây phiền.

Lumi là giải pháp lý tưởng giúp phụ huynh đồng hành cùng con tiếp cận ngoại ngữ ngay từ sớm. Hãy tải Lumi để bắt đầu hành trình học tập bổ ích cho bé ngay hôm nay!"
"fr","Lumi: Apprendre les langues","Apprentissage des langues et jeux de vocabulaire interactifs pour enfants.","Bienvenue sur Lumi, l'application interactive conçue pour accompagner les enfants dans l'apprentissage des langues et du vocabulaire !

Lumi allie pédagogie précoce et mini-jeux stimulants pour aider les jeunes apprenants à acquérir des bases solides dans plusieurs langues, dont l'anglais, l'espagnol, le vietnamien, le français et l'allemand. Grâce à des exercices de prononciation, de reconnaissance sonore, des quiz visuels et des activités manuelles, découvrir une nouvelle langue devient une habitude enrichissante.

Points forts :

• Leçons de vocabulaire structurées : Des thématiques adaptées pour éveiller la curiosité des plus jeunes.
• Jeux multisensoriels : Quiz en images, association de sons, mélange de couleurs et recherche d'objets cachés.
• Mascotte animée Lumi : Un personnage bienveillant qui réagit en direct, célèbre les réussites et stimule l'attention.
• Suivi de la progression : Consultez les séries quotidiennes, les scores et les graphiques de rétention directement sur l'appareil.
• Pratique orale et écoute : Écoutez une prononciation soignée et entraînez-vous à parler avec des modules interactifs.
• Espace sécurisé : Pensé pour les enfants, protégé par un contrôle parental et exempt de publicités intrusives.

Lumi est l'outil parfait pour initier les enfants aux langues étrangères en famille. Téléchargez Lumi dès maintenant pour débuter cette belle aventure linguistique !"
"de","Lumi: Sprachen & Vokabeln","Interaktives Sprachenlernen und Wortschatzspiele für Kinder mit Lumi.","Willkommen bei Lumi, der interaktiven Lern-App, mit der Kinder spielerisch Sprachen und neue Vokabeln entdecken!

Lumi verbindet kindgerechte Lernmethoden mit spannenden Mini-Spielen, um ein solides Fundament in mehreren Sprachen wie Englisch, Spanisch, Vietnamesisch, Französisch und Deutsch aufzubauen. Durch Sprechübungen, Audio-Zuordnung, Bilderrätsel und abwechslungsreiche Aufgaben wird das Lernen einer neuen Sprache zu einem freudigen Tageserlebnis.

Wichtige Funktionen:

• Strukturierte Wortschatz-Lektionen: Themenbereiche, die gezielt auf junge Lernende abgestimmt sind.
• Multisensorische Lernspiele: Bildquizze lösen, Geräusche zuordnen, Farben mischen und versteckte Objekte aufspüren.
• Animiertes Maskottchen Lumi: Ein freundlicher Begleiter, der in Echtzeit reagiert, Erfolge feiert und motiviert.
• Lokaler Lernfortschritt: Tägliche Lernserien, Testergebnisse und Wortschatz-Statistiken übersichtlich auf dem Gerät einsehen.
• Aussprache & Sprechpraxis: Klare Sprachbeispiele anhören und aktiv mit interaktiven Audio-Übungen sprechen lernen.
• Sicher für Kinder: Geschützter Elternbereich, vollständig offline nutzbar und ohne störende Werbung.

Lumi bietet Eltern eine verlässliche und motivierende Möglichkeit, Kindern Fremdsprachen näherzubringen. Lade Lumi jetzt herunter und starte das nächste Sprachabenteuer!"
"pt","Lumi: Aprender Idiomas","Jogos educativos de vocabulário e aprendizado de idiomas para crianças.","Boas-vindas ao Lumi, o aplicativo interativo desenvolvido para ajudar crianças a aprender idiomas e vocabulário de forma lúdica e eficiente!

O Lumi une métodos de aprendizagem a minijogos envolventes para construir uma base sólida em vários idiomas, incluindo inglês, espanhol, vietnamita, francês e alemão. Com prática de fala, reconhecimento de áudio, testes visuais e atividades práticas, descobrir um novo idioma torna-se uma experiência diária muito proveitosa.

Recursos principais:

• Lições de vocabulário estruturadas: Tópicos adequados para o aprendizado infantil inicial.
• Jogos multissensoriais: Testes com imagens, combinação de sons, mistura de cores e caça a objetos escondidos.
• Mascote animado Lumi: Um companheiro simpático que reage em tempo real, comemora conquistas e mantém o engajamento.
• Acompanhamento de progresso: Veja sequências diárias, pontuações e gráficos de retenção diretamente no aparelho.
• Prática de fala e áudio: Ouça pronúncias nítidas e pratique a fala com tarefas interativas.
• Ambiente seguro para crianças: Conta com portão de segurança para pais e não contém anúncios invasivos.

O Lumi é ideal para famílias que desejam apresentar novos idiomas aos filhos de maneira tranquila e estruturada. Baixe o Lumi hoje mesmo e comece essa jornada!"
"it","Lumi: Impara le Lingue","Giochi educativi e apprendimento delle lingue per bambini con Lumi.","Benvenuto su Lumi, l'applicazione interattiva ideata per accompagnare i bambini nell'apprendimento delle lingue e del vocabolario!

Lumi combina la didattica con divertenti minigiochi per costruire solide basi in diverse lingue, tra cui inglese, spagnolo, vietnamita, francese e tedesco. Attraverso esercizi vocali, riconoscimento sonoro, quiz illustrati e attività dinamiche, imparare una nuova lingua diventa una piacevole scoperta quotidiana.

Caratteristiche principali:

• Lezioni di vocabolario strutturate: Argomenti selezionati per l'apprendimento della prima infanzia.
• Giochi multisensoriali: Risolvi quiz illustrati, associa i suoni, mescola i colori e trova gli oggetti nascosti.
• Mascotte animata Lumi: Un dolce amico che reagisce in tempo reale, festeggia i progressi e sostiene la motivazione.
• Monitoraggio dei risultati: Controlla le serie di studio giornaliere, i punteggi e i grafici direttamente sul dispositivo.
• Esercizi di pronuncia e ascolto: Ascolta pronunce chiare ed esercitati a parlare con moduli audio interattivi.
• Ambiente sicuro: Pensato per i più piccoli con blocco genitori protetto e senza annunci invasivi.

Lumi è la scelta perfetta per i genitori che desiderano introdurre le lingue straniere a casa con serenità. Scarica Lumi oggi stesso e inizia il percorso educativo con tuo figlio!"
"ja","Lumi: 子供の外国語学習＆単語","Lumiと楽しく学ぶ子供向け外国語と単語の知育ゲーム。","子供たちのための対話型言語・単語学習アプリ「Lumi」へようこそ！

Lumiは、幼児教育と楽しい知育ミニゲームを融合させ、英語、スペイン語、ベトナム語、フランス語、ドイツ語などの外国語の基礎作りを応援します。発音練習、音声聞き分け、絵合わせクイズ、体を動かすアクティビティを通じて、新しい言葉との出会いが毎日の楽しい習慣になります。

主な特徴：

• 体系的な単語レッスン：幼少期の学習にぴったりな親しみやすいテーマ構成。
• 五感を使うミニゲーム：イラストクイズ、音の聞き分け、色混ぜあそび、アイテム探し。
• アニメーション相棒「Lumi」：リアルタイムに表情を変え、成長を一緒に喜び、意欲を高めるマスコット。
• 端末内の学習記録：継続日数やスコア、単語定着グラフをオフラインでいつでも確認可能。
• 正しい発音とリスニング：明瞭な音声を聞き、マイクを使った発話練習でスピーキング力を養成。
• 安心のキッズ保護機能：保護者認証ロック（ペアレンタルゲート）搭載、邪魔な広告なし。

ご家庭で楽しく体系的に外国語に親しめる環境をお届けします。今すぐLumiをダウンロードして、お子様と一緒に言葉の冒険をはじめましょう！"
"ko","Lumi: 어린이 외국어 단어 학습","Lumi와 함께하는 어린이 외국어 및 단어 학습 인터랙티브 게임.","어린이와 유아를 위한 대화형 외국어 및 어휘 학습 앱, Lumi에 오신 것을 환영합니다!

Lumi는 체계적인 학습법과 재미있는 미니게임을 결합하여 아이들이 영어, 스페인어, 베트남어, 프랑스어, 독일어 등 다양한 언어의 기초를 탄탄하게 다질 수 있도록 돕습니다. 발음 연습, 소리 인지, 그림 퀴즈, 활동적인 퀘스트를 통해 새로운 언어를 익히는 과정이 매일 신나는 경험이 됩니다.

주요 특징:

• 체계적인 단어 레슨: 어린이 눈높이에 맞춘 일상 주제별 어휘 학습.
• 다감각 두뇌 놀이: 그림 맞추기 퀴즈, 소리 연결, 마법 색상 혼합, 숨은 그림 찾기.
• 움직이는 친구 Lumi: 실시간으로 반응하며 성취를 축하해 주고 학습 흥미를 북돋아 주는 마스코트.
• 기기 내 학습 분석: 일일 연속 학습 기록, 퀴즈 점수, 어휘 기억 그래프를 오프라인으로 확인.
• 듣기 및 말하기 연습: 원어민 음성을 듣고 음성 인식 기능을 통해 직접 말해보는 쌍방향 훈련.
• 안심 아동 보호: 부모 잠금장치(Parental Gate) 적용, 불필요한 광고 없는 청정 환경.

가정에서 자녀에게 즐겁고 유익하게 외국어를 접하게 해주고 싶은 부모님께 최적의 선택입니다. 지금 Lumi를 다운로드하여 아이의 언어 여행을 시작해 보세요!"
"zh","Lumi: 儿童趣味语言启蒙","专为儿童设计的互动式外语词汇启蒙与益智学习游戏。","欢迎使用Lumi，一款专为儿童和初学者打造的互动式语言与词汇启蒙应用！

Lumi将早期语言认知与有趣的益智小游戏深度结合，帮助孩子们在英语、西班牙语、越南语、法语和德语等多门语言中建立扎实的基础。通过跟读发音、听力辨识、看图问答和趣味任务，探索一门新语言成为孩子每天期待的快乐旅程。

核心亮点：

• 系统化词汇课程：贴合儿童生活经验的主题设计，由浅入深循序渐进。
• 多感官互动小游戏：看图答题、声音配对、魔法调色盘以及趣味寻宝游戏。
• 生动吉祥物Lumi：可爱角色实时互动，为你每一次的进步欢呼鼓劲，保持学习兴趣。
• 本地学习记录：离线查看每日打卡天数、测试得分和词汇记忆曲线。
• 纯正听力与跟读：聆听标准清晰的发音，配合交互式口语练习培养语感。
• 纯净儿童安全环境：内置家长验证保护锁，无干扰性广告。

Lumi是家庭亲子启蒙的得力帮手。立即下载Lumi，陪伴孩子开启生动精彩的语言探索之旅吧！"
"zh-TW","Lumi: 兒童趣味語言啟蒙","專為兒童設計的互動式外語詞彙啟蒙與益智學習遊戲。","歡迎使用Lumi，一款專為兒童和初學者打造的互動式語言與詞彙啟蒙應用程式！

Lumi將早期語言認知與有趣的益智小遊戲深度結合，幫助孩子們在英語、西班牙語、越南語、法語和德語等多門語言中建立扎實的基礎。透過跟讀發音、聽力辨識、看圖問答和趣味任務，探索一門新語言成為孩子每天期待的快樂旅程。

核心亮點：

• 系統化詞彙課程：貼合兒童生活經驗的主題設計，由淺入深循序漸進。
• 多感官互動小遊戲：看圖答題、聲音配對、魔法調色盤以及趣味尋寶遊戲。
• 生動吉祥物Lumi：可愛角色即時互動，為你每一次的進步歡呼鼓勁，保持學習興趣。
• 本地學習記錄：離線查看每日打卡天數、測驗得分和詞彙記憶曲線。
• 純正聽力與跟讀：聆聽標準清晰的發音，配合交互式口語練習培養語感。
• 純淨兒童安全環境：內建家長驗證保護鎖，無干擾性廣告。

Lumi是家庭親子啟蒙的得力幫手。立即下載Lumi，陪伴孩子開啟生動精彩的語言探索之旅吧！"
"ru","Lumi: Учим языки и слова","Обучающие игры со словами и изучение языков для детей с Lumi.","Добро пожаловать в Lumi — интерактивное приложение для изучения языков и расширения словарного запаса у детей!

Lumi сочетает проверенные методики раннего развития с увлекательными мини-играми, помогая сформировать прочную базу в таких языках, как английский, испанский, вьетнамский, французский и немецкий. Тренировка произношения, распознавание звуков, визуальные викторины и активные задания превращают изучение иностранного языка в приятное ежедневное занятие.

Ключевые преимущества:

• Структурированные уроки слов: Понятные и близкие ребенку темы для комфортного старта.
• Мультисенсорные игры: Иллюстрированные викторины, сопоставление звуков, смешивание цветов и поиск скрытых предметов.
• Анимированный персонаж Lumi: Дружелюбный маскот реагирует на успехи в реальном времени и поддерживает интерес к учебе.
• Локальная статистика прогресса: Отслеживайте непрерывные серии занятий, баллы и график запоминания слов без подключения к сети.
• Разговорная практика и слух: Слушайте правильное произношение и практикуйтесь говорить с помощью интерактивных аудио-заданий.
• Безопасная среда: Защита специальным родительским замком и отсутствие навязчивой рекламы.

Lumi станет отличным помощником для родителей, которые хотят познакомить ребенка с иностранными языками в спокойной и понятной форме. Скачайте Lumi уже сегодня!"
"hi","Lumi: भाषाएँ और शब्द सीखें","बच्चों के लिए Lumi के साथ मजेदार भाषा शिक्षण और शब्दावली खेल।","बच्चों के लिए तैयार किए गए इंटरैक्टिव भाषा और शब्दावली सीखने के ऐप Lumi में आपका स्वागत है!

Lumi शिक्षा को रोचक मिनी-गेम्स के साथ जोड़ता है, जिससे बच्चे अंग्रेजी, स्पेनिश, वियतनामी, फ्रेंच और जर्मन जैसी कई भाषाओं में एक मजबूत नींव बना सकें। बोलकर अभ्यास करने, ध्वनियों की पहचान, सचित्र क्विज़ और मनोरंजक गतिविधियों के माध्यम से नई भाषा सीखना हर दिन एक सुखद अनुभव बन जाता है।

प्रमुख विशेषताएं:

• व्यवस्थित शब्दावली पाठ: नन्हें शिक्षार्थियों के लिए विशेष रूप से तैयार किए गए उपयोगी विषय।
• बहु-संवेदी खेल: चित्रों के क्विज़, ध्वनियों का मिलान, रंग मिलाना और छिपी हुई वस्तुएं खोजना।
• एनिमेटेड साथी Lumi: एक प्यारा पात्र जो बच्चे की प्रगति पर खुश होता है और उत्साह बनाए रखता है।
• डिवाइस पर प्रगति विवरण: दैनिक सीखने का क्रम, अंक और याददाश्त के आंकड़े ऑफ़लाइन देखें।
• उच्चारण और बोलने का अभ्यास: सही उच्चारण सुनें और इंटरैक्टिव अभ्यासों के साथ बोलना सीखें।
• बच्चों के लिए सुरक्षित: अभिभावक सुरक्षा गेट की सुविधा और बिना किसी परेशान करने वाले विज्ञापन के।

Lumi उन अभिभावकों के लिए बेहतरीन साधन है जो बच्चों को घर पर ही सहज तरीके से विदेशी भाषा सिखाना चाहते हैं। आज ही Lumi डाउनलोड करें और यह यात्रा शुरू करें!"
"ar","Lumi: تعلم اللغات للأطفال","ألعاب مفردات تفاعلية وتعليم اللغات للأطفال مع شخصية لومي.","مرحبًا بك في Lumi، التطبيق التفاعلي المصمم لتعليم اللغات والمفردات للأطفال والناشئين بطريقة ممتعة ومنظمة!

يجمع Lumi بين التعليم التأسيسي والألعاب التفاعلية الخفيفة لمساعدة الأطفال على اكتساب مهارات لغوية أساسية في عدة لغات تشمل الإنجليزية، الإسبانية، الفيتنامية، الفرنسية والألمانية. من خلال التدريب على النطق، وتمييز الأصوات، والمسابقات المصورة، والأنشطة المشوقة، يصبح تعلم لغة جديدة عادة يومية مبهجة.

أبرز الميزات:

• دروس مفردات منظمة: موضوعات تعليمية مبسطة ومناسبة لمرحلة الطفولة المبكرة.
• ألعاب متعددة الحواس: اختبارات بالصور، ومطابقة الأصوات، ومزج الألوان، والبحث عن الأشياء الخفية.
• الشخصية التفاعلية Lumi: رفيق لطيف يتفاعل في الوقت الفعلي، ويحتفل بإنجازات الطفل ويشجعه على المتابعة.
• متابعة التقدم محلياً: الاطلاع على أيام التعلم المتتالية والدرجات ورسوم بيانية للحفظ دون الحاجة للإنترنت.
• تدريب النطق والاستماع: الاستماع إلى مخارج الحروف السليمة والتدرب على النطق التفاعلي.
• بيئة آمنة للأطفال: مزود ببوابة حماية الوالدين وخالٍ تماماً من الإعلانات المزعجة.

يعد Lumi الخيار الأمثل للآباء الراغبين في بناء أساس لغوي متين لأبنائهم بكل سهولة. حمل Lumi اليوم وابدأ مع طفلك رحلة التعلم الممتعة!"
"tr","Lumi: Dil Öğren ve Oyna","Lumi ile çocuklar için etkileşimli yabancı dil ve kelime oyunları.","Çocuklar için özel olarak tasarlanmış etkileşimli dil ve kelime öğrenme uygulaması Lumi'ye hoş geldiniz!

Lumi, çocukların İngilizce, İspanyolca, Vietnamca, Fransızca ve Almanca dahil birçok dilde sağlam bir temel oluşturmasını sağlamak için temel eğitimi eğlenceli mini oyunlarla buluşturur. Konuşma alıştırmaları, ses ayırt etme, görsel testler ve hareketli görevler sayesinde yeni bir dil öğrenmek keyifli bir günlük alışkanlığa dönüşür.

Öne Çıkan Özellikler:

• Yapılandırılmış Kelime Dersleri: Erken yaş öğrenimine uygun olarak hazırlanan tematik içerikler.
• Çok Duyulu Eğitici Oyunlar: Resimli testler, ses eşleştirme, renk karıştırma ve gizli nesne bulma oyunları.
• Sevimli Maskot Lumi: Gerçek zamanlı olarak tepki veren, kazanımları kutlayan ve motivasyonu canlı tutan karakter.
• Cihaz İçi İlerleme Takibi: Günlük öğrenme serilerini, sınav puanlarını ve kelime öğrenme grafiklerini çevrimdışı inceleme imkanı.
• Telaffuz ve Dinleme Pratiği: Net seslendirmeleri dinleyin ve konuşma modülleriyle pratik yapın.
• Güvenli Çocuk Deneyimi: Ebeveyn kilidi korumalı ve rahatsız edici reklamlar barındırmayan arayüz.

Lumi, çocuklarını yabancı dillerle erken dönemde tanıştırmak isteyen aileler için ideal bir yardımcıdır. Lumi'yi hemen indirin ve çocuğunuzun dil öğrenme yolculuğuna eşlik edin!"
"id","Lumi: Belajar Bahasa & Kata","Game edukasi kosakata interaktif dan belajar bahasa untuk anak dengan Lumi.","Selamat datang di Lumi, aplikasi interaktif yang dirancang untuk membantu anak-anak belajar bahasa dan kosakata dengan menyenangkan dan terstruktur!

Lumi memadukan pendidikan awal dengan mini-game yang menarik untuk membantu anak membangun fondasi yang kuat dalam berbagai bahasa seperti Inggris, Spanyol, Vietnam, Prancis, dan Jerman. Melalui latihan berbicara, pengenalan suara, kuis gambar, dan kegiatan aktif, mengenal bahasa baru menjadi kegiatan harian yang menyenangkan.

Fitur Utama:

• Pelajaran Kosakata Terstruktur: Topik-topik yang disusun khusus untuk usia dini.
• Game Interaktif Multi-Sensori: Kuis bergambar, mencocokkan suara, mencampur warna, dan mencari objek tersembunyi.
• Maskot Animasi Lumi: Karakter ramah yang bereaksi langsung, merayakan pencapaian, dan menjaga semangat belajar anak.
• Pemantauan Kemajuan Lokal: Lihat rentetan hari belajar, skor, dan grafik penguasaan kata secara offline di perangkat.
• Latihan Pengucapan & Audio: Dengarkan pelafalan yang jelas dan latih kemampuan bicara melalui latihan interaktif.
• Aman untuk Anak: Dilengkapi sistem pengaman gerbang orang tua dan bebas dari iklan yang mengganggu.

Lumi adalah sarana yang tepat bagi orang tua yang ingin mengenalkan bahasa asing kepada anak di rumah. Unduh Lumi sekarang dan mulailah pengalaman belajar yang berharga!"
"nl","Lumi: Talen Leren & Spelen","Interactieve taal- en woordenschatspellen voor kinderen met Lumi.","Welkom bij Lumi, de interactieve educatieve app waarmee kinderen op een speelse manier talen en woordenschat leren!

Lumi combineert vroegtijdige educatie met leuke minigames om jonge leerlingen te helpen een stevige basis te leggen in talen zoals Engels, Spaans, Vietnamees, Frans en Duits. Dankzij spraakoefeningen, geluidsherkenning, visuele quizzen en actieve opdrachten wordt het leren van een nieuwe taal een dagelijkse ontdekking.

Belangrijkste functies:

• Gestructureerde Woordenschatlessen: Thema's die speciaal zijn afgestemd op jonge kinderen.
• Zintuiglijke Minigames: Beeldquizzen maken, geluiden koppelen, kleuren mengen en verborgen voorwerpen zoeken.
• Geanimeerde Mascotte Lumi: Een vrolijk figuurtje dat direct reageert, successen viert en motiveert.
• Lokale Voortgangsbewaking: Bekijk dagelijkse leerreeksen, scores en woordenschatstatistieken offline op het toestel.
• Uitspraak & Luistervaardigheid: Luister naar duidelijke uitspraken en oefen het spreken met interactieve opdrachten.
• Veilig voor Kinderen: Voorzien van een ouderbeveiliging en vrij van storende advertenties.

Lumi is het ideale hulpmiddel voor ouders die hun kinderen thuis willen laten kennismaken met vreemde talen. Download Lumi vandaag nog en ga samen op ontdekkingsreis!"
"pl","Lumi: Nauka języków i słów","Interaktywna nauka języków obcych i gry słowne dla dzieci z Lumi.","Witaj w Lumi — interaktywnej aplikacji stworzonej, aby pomóc dzieciom w nauce języków obcych oraz poszerzaniu słownictwa!

Lumi łączy wczesną edukację z wciągającymi minigrami, pomagając najmłodszym zbudować solidne podstawy w takich językach jak angielski, hiszpański, wietnamski, francuski i niemiecki. Ćwiczenia wymowy, rozpoznawanie dźwięków, quizy obrazkowe i ciekawe zadania sprawiają, że nauka języka staje się radosnym codziennym rytuałem.

Główne funkcje:

• Uporządkowane lekcje słówek: Tematy dobrane z myślą o percepcji małych dzieci.
• Gry wielozmysłowe: Quizy z ilustracjami, łączenie dźwięków, mieszanie barw oraz szukanie ukrytych elementów.
• Animowany towarzysz Lumi: Urocza maskotka, która reaguje w czasie rzeczywistym, nagradza sukcesy i motywuje do działania.
• Monitorowanie postępów: Sprawdzaj serie codziennej nauki, wyniki testów i wykresy zapamiętywania bez konieczności połączenia z siecią.
• Trening wymowy i słuchania: Słuchaj poprawnej wymowy i ćwicz mówienie w interaktywnych modułach.
• Bezpieczeństwo najmłodszych: Wyposażona w blokadę rodzicielską oraz wolna od uciążliwych reklam.

Lumi to doskonałe wsparcie dla rodziców pragnących wprowadzić dziecko w świat języków obcych w przyjazny sposób. Pobierz Lumi już dziś i rozpocznijcie wspólną przygodę!"
"sv","Lumi: Lär dig språk & ord","Interaktiv språkinlärning och ordförrådsspel för barn med Lumi.","Välkommen till Lumi, den interaktiva appen som hjälper barn att lära sig språk och bygga upp sitt ordförråd på ett lekfullt sätt!

Lumi kombinerar pedagogiska metoder med roliga minispel för att ge unga elever en trygg grund i språk som engelska, spanska, vietnamesiska, franska och tyska. Genom talövningar, ljudigenkänning, bildquiz och aktiva moment blir det en glädjefylld daglig rutin att utforska ett nytt språk.

Nyckelfunktioner:

• Strukturerade ordförrådslektioner: Teman anpassade för barns tidiga inlärning.
• Multisensoriska spel: Lös bildquiz, koppla samman ljud, blanda färger och leta efter dolda föremål.
• Animerad maskot Lumi: En charmig vän som reagerar i realtid, firar framsteg och uppmuntrar till fortsatt lärande.
• Framstegsöversikt på enheten: Se dagliga inlärningssviter, poäng och minnesgrafer offline.
• Uttal och talövning: Lyssna på tydligt tal och träna på att prata genom interaktiva uppgifter.
• Trygg miljö för barn: Utrustad med föräldralås och helt utan störande reklam.

Lumi ger föräldrar ett praktiskt och roligt verktyg för att introducera främmande språk i hemmet. Ladda ner Lumi idag och starta barnets språkäventyr!"
"no","Lumi: Lær språk og ord","Interaktiv språkopplæring og ordspill for barn med Lumi.","Velkommen til Lumi, den interaktive læringsappen som hjelper barn med å lære språk og bygge ordforråd på en engasjerende måte!

Lumi kombinerer tidlig pedagogikk med morsomme minispill for å gi barna et solid grunnlag i språk som engelsk, spansk, vietnamesisk, fransk og tysk. Gjennom taleøvelser, lydgjenkjenning, bildequizer og varierte oppgaver blir det å lære et nytt språk en positiv daglig opplevelse.

Hovedfunksjoner:

• Strukturerte ordforrådstimer: Temaer tilpasset barns læringsbehov.
• Multisensoriske minispill: Bildequizer, lydoppgaver, fargeblanding og leting etter skjulte gjenstander.
• Animert maskot Lumi: En herlig følgesvenn som reagerer underveis, feirer fremskritt og holder motivasjonen oppe.
• Lokal fremgangsoversikt: Følg med på daglige læringsrekker, resultater og ordstatistikk direkte på enheten offline.
• Uttale og taleøvelser: Hør tydelig uttale og øv på å snakke med interaktive moduler.
• Trygt for barn: Innebygd foreldrelås og helt uten forstyrrende reklame.

Lumi er et ideelt valg for familier som ønsker å introdusere fremmedspråk i hverdagen. Last ned Lumi i dag og start læringen sammen!"
"da","Lumi: Lær sprog og ord","Interaktiv sprogindlæring og ordlege for børn med Lumi.","Velkommen til Lumi, den interaktive app udviklet til at hjælpe børn med at lære sprog og opbygge ordforråd gennem leg!

Lumi forener pædagogiske principper med underholdende minispil for at skabe et stærkt fundament i sprog som engelsk, spansk, vietnamesisk, fransk og tysk. Via udtaleøvelser, lydgenkendelse, billedquizzer og sjove aktiviteter bliver det en herlig daglig rutine at lære et nyt sprog.

Vigtige funktioner:

• Strukturerede ordforrådslektioner: Emner der passer perfekt til de yngste elever.
• Sansestimulerende spil: Løs billedquizzer, match lyde, bland farver og find skjulte genstande.
• Animeret maskot Lumi: En sød figur der reagerer i realtid, fejrer fremskridt og bevarer lærelysten.
• Fremskridtsvisning på enheden: Følg daglige læringsstriber, point og statistikker offline.
• Udtale og taletræning: Lyt til klar tale og øv dig i at udtale ordene via interaktive øvelser.
• Børnevenligt og sikkert: Beskyttet med forældrelås og uden forstyrrende reklamer.

Lumi gør det let og sjovt for forældre at introducere nye sprog i hjemmet. Download Lumi i dag og tag hul på en spændende sprogrejse!"
"fi","Lumi: Opi kieliä ja sanoja","Interaktiivista kielenopiskelua ja sanastopelejä lapsille Lumin kanssa.","Tervetuloa Lumiin, interaktiiviseen oppimissovellukseen, joka auttaa lapsia oppimaan kieliä ja kartuttamaan sanavarastoaan leikin varjolla!

Lumi yhdistää varhaiskasvatuksen pedagogiikan ja hauskat minipelit luodakseen vahvan pohjan useissa kielissä, kuten englannissa, espanjassa, vietnamissa, ranskassa ja saksassa. Puheharjoitusten, äänien tunnistamisen, kuvavisojen ja monipuolisten tehtävien kautta kielen oppimisesta muodostuu iloinen päivittäinen hetki.

Keskeiset ominaisuudet:

• Jäsennellyt sanastotunnit: Lapsille sopivia aihekokonaisuuksia, jotka herättävät kiinnostuksen.
• Moniaistilliset minipelit: Kuvavisoja, äänien yhdistämistä, värien sekoitusta ja piilotettujen esineiden etsintää.
• Animoitu maskotti Lumi: Sympaattinen hahmo, joka reagoi reaaliajassa, iloitsee onnistumisista ja ylläpitää innostusta.
• Paikallinen edistymisen seuranta: Tarkastele päivittäisiä oppimisputkia, pisteitä ja sanastotilastoja laitteellasi ilman nettiyhteyttä.
• Ääntäminen ja puheharjoittelu: Kuuntele selkeitä esimerkkejä ja harjoittele puhumista interaktiivisesti.
• Turvallinen lapsille: Sisältää vanhempien suojalukon ja toimii ilman häiritseviä mainoksia.

Lumi tarjoaa vanhemmille luotettavan tavan tukea lapsen kielenoppimista kotona. Lataa Lumi tänään ja aloita yhteinen oppimisseikkailu!"
"th","Lumi: เรียนภาษาและคำศัพท์","เกมคำศัพท์เชิงโต้ตอบและการเรียนรู้ภาษาสำหรับเด็กกับ Lumi","ยินดีต้อนรับสู่ Lumi แอปพลิเคชันเชิงโต้ตอบที่ออกแบบมาเพื่อช่วยให้เด็กๆ เรียนรู้ภาษาและคำศัพท์ใหม่ได้อย่างสนุกสนานและเป็นระบบ!

Lumi ผสานการเรียนรู้เบื้องต้นเข้ากับมินิเกมที่น่าสนใจ เพื่อช่วยสร้างพื้นฐานที่มั่นคงในหลากหลายภาษา เช่น ภาษาอังกฤษ สเปน เวียดนาม ฝรั่งเศส และเยอรมัน ผ่านการฝึกออกเสียง การจดจำเสียง ควิซภาพประกอบ และกิจกรรมที่หลากหลาย การค้นพบภาษาใหม่จะกลายเป็นกิจวัตรประจำวันที่เต็มไปด้วยความเพลิดเพลิน

คุณสมบัติเด่น:

• บทเรียนคำศัพท์ที่เป็นระบบ: หัวข้อที่คัดสรรมาให้เหมาะสมกับช่วงวัยของเด็ก
• มินิเกมกระตุ้นประสาทสัมผัส: ควิซทายภาพ จับคู่เสียง ผสมสี และค้นหาสิ่งของที่ซ่อนอยู่
• มาสคอตเคลื่อนไหว Lumi: ตัวละครน่ารักที่ตอบสนองแบบเรียลไทม์ ร่วมฉลองความสำเร็จ และสร้างแรงจูงใจ
• บันทึกความก้าวหน้าในอุปกรณ์: ติดตามสถิติการเรียนต่อเนื่อง คะแนน และกราฟจดจำคำศัพท์แบบออฟไลน์
• ฝึกฟังและออกเสียง: ฟังการออกเสียงที่ชัดเจนและฝึกพูดตามด้วยแบบฝึกหัดโต้ตอบ
• สภาพแวดล้อมที่ปลอดภัย: มีระบบป้องกันสำหรับผู้ปกครอง และปราศจากโฆษณาที่รบกวน

Lumi คือเครื่องมือที่ช่วยให้ผู้ปกครองส่งเสริมการเรียนรู้ภาษาต่างประเทศของเด็กๆ ได้อย่างมีประสิทธิภาพ ดาวน์โหลด Lumi วันนี้เพื่อเริ่มต้นการเดินทางแห่งการเรียนรู้!"
"uk","Lumi: Вчимо мови та слова","Інтерактивне вивчення мов та розвиваючі ігри зі словами для дітей.","Ласкаво просимо до Lumi — інтерактивного додатка, створеного для легкого та захоплюючого вивчення мов і розширення словникового запасу дітей!

Lumi поєднує методики раннього розвитку з цікавими міні-іграми, допомагаючи малюкам закласти міцні основи таких мов, як англійська, іспанська, в'єтнамська, французька та німецька. Завдяки вправам на вимову, розпізнаванню звуків, візуальним вікторинам та активним завданням знайомство з новою мовою стає приємною щоденною звичкою.

Головні переваги:

• Структуровані уроки слів: Зрозумілі теми, адаптовані для сприйняття дітьми.
• Мультисенсорні ігри: Вікторини з картинками, зіставлення звуків, змішування барв та пошук прихованих речей.
• Анімований помічник Lumi: Дружній персонаж, який реагує в реальному часі, радіє кожному успіху та підтримує інтерес.
• Локальний облік прогресу: Відстежуйте серії щоденних занять, бали та графіки засвоєння слів без інтернету.
• Розмовна практика та слухання: Слухайте чисту вимову та тренуйтеся говорити за допомогою інтерактивних модулів.
• Безпечне середовище: Захищене батьківським замком і вільне від нав'язливої реклами.

Lumi є надійним помічником для батьків, які прагнуть познайомити дитину з іноземними мовами у спокійній та приємній формі. Завантажте Lumi вже сьогодні!"
"cs","Lumi: Učení jazyků a slov","Interaktivní výuka cizích jazyků a slovní hry pro děti s Lumi.","Vítejte v Lumi, interaktivní výukové aplikaci, která dětem pomáhá objevovat cizí jazyky a rozšiřovat slovní zásobu hravou formou!

Lumi propojuje metody raného vzdělávání s poutavými minihrami a pomáhá vybudovat stabilní základy v jazycích, jako je angličtina, španělština, vietnamština, francouzština a němčina. Prostřednictvím nácviku výslovnosti, rozpoznávání zvuků, obrázkových kvízů a pestrých aktivit se učení jazyka stává příjemným každodenním zážitkem.

Hlavní funkce:

• Strukturované lekce slovíček: Témata pečlivě přizpůsobená vnímání malých dětí.
• Smyslové minihry: Obrázkové kvízy, přiřazování zvuků, míchání barev a hledání skrytých předmětů.
• Animovaný kamarád Lumi: Milý maskot, který reaguje v reálném čase, oslavuje úspěchy a povzbuzuje k dalšímu učení.
• Přehled pokroku v zařízení: Sledujte denní série učení, dosažené body a statistiky zapamatovaných slov offline.
• Výslovnost a poslech: Poslouchejte zřetelnou výslovnost a procvičujte mluvení pomocí interaktivních cvičení.
• Bezpečné prostředí: Zabezpečeno rodičovským zámkem a zcela bez obtěžujících reklam.

Lumi nabízí rodičům spolehlivý způsob, jak doma přirozeně rozvíjet jazykové dovednosti dětí. Stáhněte si Lumi ještě dnes a vydejte se na cestu za poznáním!"
"sk","Lumi: Učenie jazykov a slov","Interaktívna výučba cudzích jazykov a slovné hry pre deti s Lumi.","Vitajte v Lumi, interaktívnej vzdelávacej aplikácii, ktorá deťom pomáha objavovať cudzie jazyky a rozširovať slovnú zásobu hravou formou!

Lumi spája metódy raného vzdelávania s pútavými minihrami a pomáha vybudovať stabilné základy v jazykoch, ako je angličtina, španielčina, vietnamčina, francúzština a nemčina. Prostredníctvom nácviku výslovnosti, rozpoznávania zvukov, obrázkových kvízov a pestrých aktivít sa učenie jazyka stáva príjemným každodenným zážitkom.

Hlavné funkcie:

• Štruktúrované lekcie slovíčok: Témy starostlivo prispôsobené vnímaniu malých detí.
• Zmyslové minihry: Obrázkové kvízy, priraďovanie zvukov, miešanie farieb a hľadanie skrytých predmetov.
• Animovaný kamarát Lumi: Milý maskot, ktorý reaguje v reálnom čase, oslavuje úspechy a povzbudzuje k ďalšiemu učeniu.
• Prehľad pokroku v zariadení: Sledujte denné série učenia, dosiahnuté body a štatistiky zapamätaných slov offline.
• Výslovnosť a počúvanie: Počúvajte zreteľnú výslovnosť a precvičujte hovorenie pomocou interaktívnych cvičení.
• Bezpečné prostredie: Zabezpečené rodičovským zámkom a úplne bez obťažujúcich reklám.

Lumi ponúka rodičom spoľahlivý spôsob, ako doma prirodzene rozvíjať jazykové zručnosti detí. Stiahnite si Lumi ešte dnes a vydajte sa na cestu za poznaním!"
"ro","Lumi: Învață limbi și cuvinte","Jocuri interactive de vocabular și învățare de limbi străine pentru copii.","Bine ai venit la Lumi, aplicația interactivă creată pentru a-i ajuta pe copii să învețe limbi străine și să își îmbogățească vocabularul prin joc!

Lumi combină educația timpurie cu minijocuri captivante pentru a construi o bază solidă în limbi precum engleza, spaniola, vietnameza, franceza și germana. Prin exerciții de pronunție, recunoaștere auditivă, chestionare vizuale și activități dinamice, descoperirea unei limbi noi devine o experiență zilnică plăcută.

Funcționalități principale:

• Lecții de vocabular structurate: Teme selectate special pentru etapa timpurie de învățare.
• Jocuri multisenzoriale: Chestionare ilustrate, asociere de sunete, amestecare de culori și căutare de obiecte ascunse.
• Mascota animată Lumi: Un personaj prietenos care reacționează în timp real, sărbătorește reușitele și menține motivația.
• Monitorizarea progresului pe dispozitiv: Urmăriți seriile zilnice de învățare, punctajele și graficele de retenție offline.
• Pronunție și exerciții vocale: Ascultați pronunții clare și exersați vorbirea prin module interactive.
• Mediu sigur pentru copii: Protejat cu poartă de control parental și fără reclame deranjante.

Lumi este alegerea ideală pentru părinții care doresc să le deschidă copiilor drumul către limbile străine într-un mod cald și organizat. Descarcă Lumi astăzi și începeți călătoria!"
"hu","Lumi: Nyelvtanulás & Szavak","Interaktív szókincsfejlesztő és nyelvtanulási játékok gyerekeknek.","Üdvözlünk a Lumi alkalmazásban, amely játékos és átlátható formában segíti a gyermekeket az idegen nyelvek és a szókincs elsajátításában!

A Lumi a korai oktatási módszereket ötvözi szórakoztató minijátékokkal, hogy stabil alapot nyújtson olyan nyelvekben, mint az angol, spanyol, vietnámi, francia és német. A kiejtésgyakorlás, a hangfelismerés, a képes feladványok és az aktív feladatok révén az új nyelvek megismerése örömteli napi élménnyé válik.

Főbb funkciók:

• Rendszerezett szókincsleckék: Kifejezetten a kisgyermekkori tanuláshoz igazított témakörök.
• Sokoldalú készségfejlesztő játékok: Képes kvízek, hangpárosítás, színkeverés és rejtett tárgyak felkutatása.
• Animált kísérő Lumi: Egy kedves figura, aki élőben reagál a fejlődésre, megünnepli a sikereket és ébren tartja a kíváncsiságot.
• Eszközön tárolt statisztika: Napi tanulási sorozatok, pontszámok és szómegjegyzési grafikonok offline megtekintése.
• Kiejtés és beszédgyakorlat: Tiszta hangpéldák meghallgatása és aktív beszédgyakorlás interaktív feladatokkal.
• Biztonságos környezet: Szülői zárral ellátott, zavaró hirdetésektől mentes felület.

A Lumi kiváló támaszt nyújt a szülőknek, akik szeretnék otthon, természetes módon megismertetni gyermekeiket az idegen nyelvekkel. Töltsd le a Lumi-t még ma!"
"hr","Lumi: Učenje jezika i riječi","Interaktivne igre vokabulara i učenje jezika za djecu uz Lumija.","Dobrodošli u Lumi, interaktivnu aplikaciju stvorenu kako bi pomogla djeci u učenju stranih jezika i bogaćenju rječnika kroz igru!

Lumi spaja metode ranog obrazovanja s privlačnim minigrama kako bi mališani stekli čvrste temelje u jezicima poput engleskog, španjolskog, vijetnamskog, francuskog i njemačkog. Kroz vježbanje izgovora, prepoznavanje zvukova, slikovne kvizove i zabavne aktivnosti, učenje novog jezika postaje radostan svakodnevni trenutak.

Ključne značajke:

• Strukturirane lekcije vokabulara: Teme pomno prilagođene dječjoj dobi i interesima.
• Višeosjetilne igre: Slikovni kvizovi, povezivanje zvukova, miješanje boja i traženje skrivenih predmeta.
• Animirani prijatelj Lumi: Simpatičan lik koji reagira u stvarnom vremenu, slavi uspjehe i potiče na daljnji rad.
• Praćenje napretka na uređaju: Pregledajte nizove svakodnevnog učenja, bodove i grafikone usvojenih riječi bez interneta.
• Izgovor i slušanje: Slušajte čist izgovor i vježbajte govor kroz interaktivne vježbe.
• Sigurno okruženje: Zaštićeno roditeljskim zaključavanjem i bez nametljivih oglasa.

Lumi pruža roditeljima pouzdan način za uvođenje stranih jezika u obiteljski dom. Preuzmite Lumi danas i započnite zajedničku avanturu učenja!"
"bg","Lumi: Учене на езици и думи","Интерактивни езикови игри и обогатяване на речника за деца с Lumi.","Добре дошли в Lumi — интерактивното приложение, създадено да помогне на децата да учат чужди езици и нови думи с лекота и удоволствие!

Lumi съчетава методите на ранното детско обучение със забавни мини-игри, изграждайки солидна основа в езици като английски, испански, виетнамски, френски и немски. Чрез упражнения за произношение, разпознаване на звуци, визуални викторини и разнообразни задачи, ученето на език се превръща в приятно ежедневно преживяване.

Основни характеристики:

• Структурирани уроци по думи: Подбрани теми, съобразени с възприятията на най-малките.
• Мултисензорни образователни игри: Викторини с картинки, свързване на звуци, смесване на цветове и търсене на скрити предмети.
• Анимиран талисман Lumi: Приятелско същество, което реагира в реално време, радва се на успехите и поддържа мотивацията.
• Локално проследяване на напредъка: Преглеждайте серии от поредни дни, резултати и графики на запаметените думи офлайн.
• Произношение и слушане: Слушайте ясни примери и се упражнявайте да говорите чрез интерактивни модули.
• Безопасна детска среда: Защитено с родителски контрол и без досадни реклами.

Lumi е чудесен избор за семейства, които искат да запознаят децата си с чужди езици у дома. Изтеглете Lumi още днес и направете първата крачка заедно!"
"el","Lumi: Εκμάθηση Γλωσσών","Διαδραστικά παιχνίδια λεξιλογίου και εκμάθηση γλωσσών για παιδιά με το Lumi.","Καλώς ήρθατε στο Lumi, τη διαδραστική εφαρμογή που σχεδιάστηκε για να βοηθήσει τα παιδιά να μάθουν ξένες γλώσσες και λεξιλόγιο μέσα από το παιχνίδι!

Το Lumi συνδυάζει την προσχολική μάθηση με ευχάριστα μίνι παιχνίδια, βοηθώντας τα παιδιά να αποκτήσουν γερές βάσεις σε γλώσσες όπως τα αγγλικά, τα ισπανικά, τα βιετναμέζικα, τα γαλλικά και τα γερμανικά. Μέσα από εξάσκηση προφοράς, αναγνώριση ήχων, κουίζ εικόνων και δημιουργικές δραστηριότητες, η γνωριμία με μια νέα γλώσσα γίνεται μια απολαυστική καθημερινή συνήθεια.

Κύρια χαρακτηριστικά:

• Δομημένα μαθήματα λεξιλογίου: Θέματα ειδικά επιλεγμένα για την πρώιμη παιδική ηλικία.
• Παιχνίδια πολλαπλών αισθήσεων: Κουίζ με εικόνες, αντιστοίχιση ήχων, ανάμειξη χρωμάτων και αναζήτηση κρυμμένων αντικειμένων.
• Κινούμενος σύντροφος Lumi: Ένας γλυκός χαρακτήρας που αντιδρά σε πραγματικό χρόνο, πανηγυρίζει τις επιτυχίες και διατηρεί το ενδιαφέρον.
• Τοπική παρακολούθηση προόδου: Δείτε τα καθημερινά σερί μάθησης, τις βαθμολογίες και τα γραφήματα απομνημόνευσης στη συσκευή χωρίς σύνδεση.
• Προφορά και ακουστική εξάσκηση: Ακούστε καθαρή ομιλία και εξασκηθείτε στην προφορά μέσω διαδραστικών ασκήσεων.
• Ασφαλές περιβάλλον για παιδιά: Εξοπλισμένο με γονικό κλείδωμα και απαλλαγμένο από ενοχλητικές διαφημίσεις.

Το Lumi προσφέρει στους γονείς έναν οργανωμένο και ευχάριστο τρόπο για να εισαγάγουν ξένες γλώσσες στο σπίτι. Κατεβάστε το Lumi σήμερα και ξεκινήστε το ταξίδι!"
"ms","Lumi: Belajar Bahasa & Kata","Permainan kosa kata interaktif dan pembelajaran bahasa kanak-kanak.","Selamat datang ke Lumi, aplikasi interaktif yang direka untuk membantu kanak-kanak mempelajari bahasa dan kosa kata dengan cara yang menyeronokkan dan tersusun!

Lumi menggabungkan pendidikan awal dengan permainan mini yang menarik untuk membina asas kukuh dalam pelbagai bahasa termasuk Bahasa Inggeris, Sepanyol, Vietnam, Perancis dan Jerman. Melalui latihan sebutan, pengecaman bunyi, kuiz bergambar dan aktiviti yang ceria, mempelajari bahasa baharu menjadi pengalaman harian yang mengujakan.

Ciri-ciri Utama:

• Pelajaran Kosa Kata Tersusun: Topik yang dipilih khas sesuai untuk peringkat umur awal kanak-kanak.
• Permainan Berbilang Deria: Kuiz bergambar, memadankan bunyi, mencampurkan warna dan mencari objek tersembunyi.
• Maskot Animasi Lumi: Karakter comel yang memberi respons secara langsung, meraikan kejayaan dan mengekalkan minat belajar.
• Pemantauan Kemajuan Pada Peranti: Semak rekod pembelajaran harian, markah dan carta penguasaan kata secara luar talian.
• Latihan Sebutan & Pendengaran: Dengar sebutan yang jelas dan berlatih bertutur melalui modul interaktif.
• Selamat untuk Kanak-kanak: Dilengkapi dengan kawalan keselamatan ibu bapa dan bebas daripada iklan yang mengganggu.

Lumi merupakan pilihan tepat untuk ibu bapa yang ingin memperkenalkan bahasa asing kepada anak-anak di rumah. Muat turun Lumi hari ini dan mulakan pengembaraan bahasa anak anda!"
"bn","Lumi: ভাষা ও শব্দ শেখা","Lumi এর সাথে শিশুদের জন্য মজাদার ভাষা শিক্ষা ও শব্দভাণ্ডারের খেলা।","শিশুদের আনন্দদায়ক উপায়ে ভাষা ও নতুন শব্দ শেখার জন্য তৈরি ইন্টারেক্টিভ অ্যাপ Lumi-তে স্বাগতম!

Lumi শিক্ষামূলক পদ্ধতি ও চিত্তাকর্ষক মিনি-গেমের সমন্বয়ে তৈরি, যা শিশুদের ইংরেজি, স্প্যানিশ, ভিয়েতনামী, ফরাসি এবং জার্মান ভাষায় শক্তিশালী ভিত্তি গড়তে সাহায্য করে। উচ্চারণ অনুশীলন, শব্দ সনাক্তকরণ, ছবিভিত্তিক কুইজ এবং আনন্দময় কাজের মাধ্যমে প্রতিদিন নতুন ভাষা শেখা একটি চমৎকার অভিজ্ঞতা হয়ে ওঠে।

মূল বৈশিষ্ট্যসমূহ:

• সুসংগঠিত শব্দভাণ্ডার পাঠ: শিশুদের উপযোগী পরিচিত বিষয়ভিত্তিক পাঠ পরিকল্পনা।
• বহু-সংবেদনশীল খেলা: ছবির কুইজ, সঠিক ধ্বনি মেলানো, রঙের মিশ্রণ ও লুকানো বস্তু খোঁজা।
• অ্যানিমেটেড বন্ধু Lumi: একটি মিষ্টি চরিত্র যা শিশুর উন্নতিতে সাড়া দেয়, আনন্দ উদযাপন করে এবং আগ্রহ ধরে রাখে।
• ডিভাইসে অগ্রগতি পর্যবেক্ষণ: ইন্টারনেট ছাড়াই নিয়মিত অধ্যয়নের ধারা, পয়েন্ট এবং শব্দ মনে রাখার গ্রাফ দেখুন।
• সঠিক উচ্চারণ ও কথা বলার অনুশীলন: স্পষ্ট উচ্চারণ শুনুন এবং সরাসরি কথা বলার অভ্যাস গড়ে তুলুন।
• শিশুদের জন্য নিরাপদ: অভিভাবকদের সুরক্ষা লক সম্বলিত এবং কোনো বিরক্তিজনক বিজ্ঞাপন নেই।

ঘরে বসেই সন্তানদের বিদেশি ভাষার সাথে পরিচয় করিয়ে দিতে Lumi একটি আদর্শ পছন্দ। আজই Lumi ডাউনলোড করুন এবং শিশুর শিক্ষার যাত্রা শুরু করুন!"
"ca","Lumi: Aprèn idiomes i mots","Jocs de vocabulari interactius i aprenentatge d'idiomes per a infants amb Lumi.","Et donem la benvinguda a Lumi, l'aplicació interactiva dissenyada per ajudar els infants a aprendre idiomes i vocabulari d'una manera lúdica i estructurada!

Lumi combina l'educació inicial amb minijocs estimulants per ajudar a construir una base sòlida en diverses llengües, incloent-hi l'anglès, el castellà, el vietnamita, el francès i l'alemany. Mitjançant la pràctica de pronunciació, el reconeixement de sons, els qüestionaris visuals i les activitats dinàmiques, aprendre un nou idioma esdevé una experiència diària enriquidora.

Característiques principals:

• Lliçons de vocabulari estructurades: Temes adaptats a l'aprenentatge infantil primerenc.
• Jocs multisensorials: Resol qüestionaris amb imatges, emparella sons, barreja colors i troba objectes amagats.
• Mascota animada Lumi: Un personatge entranyable que reacciona en temps real, celebra els èxits i manté la motivació.
• Seguiment del progrés al dispositiu: Consulta les ratxes diàries, les puntuacions i els gràfics de retenció sense connexió.
• Pràctica de pronunciació i escolta: Escolta una pronúncia clara i practica la parla amb exercicis interactius.
• Entorn segur per a infants: Protegit amb control parental i lliure d'anuncis molestos.

Lumi és l'eina ideal per a les famílies que volen introduir idiomes a casa de manera agradable i organitzada. Descarrega Lumi avui mateix i comença aquesta gran aventura!"
"fa","Lumi: آموزش زبان به کودکان","بازی‌های تعاملی کلمات و یادگیری زبان‌های مختلف برای کودکان با لومی.","به Lumi خوش آمدید، برنامه تعاملی و جذاب برای آموزش زبان و واژگان به کودکان و خردسالان!

Lumi آموزش پایه را با بازی‌های کوچک و سرگرم‌کننده ترکیب کرده تا کودکان پایه‌ای محکم در زبان‌های مختلف از جمله انگلیسی، اسپانیایی، ویتنامی، فرانسوی و آلمانی بسازند. از طریق تمرین تلفظ، تشخیص صدا، آزمون‌های تصویری و فعالیت‌های شاداب، کشف یک زبان جدید به تجربه‌ای دلپذیر در هر روز تبدیل می‌شود.

ویژگی‌های کلیدی:

• درس‌های واژگان ساختاریافته: موضوعات متناسب با رده سنی و درک کودکان خردسال.
• بازی‌های چندحسی: آزمون‌های تصویری، تطبیق صداها، ترکیب رنگ‌ها و پیدا کردن اشیای پنهان.
• شخصیت متحرک Lumi: همراهی دوست‌داشتنی که در لحظه واکنش نشان می‌دهد، دستاوردها را جشن می‌گیرد و انگیزه می‌بخشد.
• پیگیری پیشرفت روی دستگاه: مشاهده روزهای متوالی یادگیری، امتیازها و نمودارهای حفظ کلمات به صورت آفلاین.
• تمرین گفتار و شنیدار: شنیدن تلفظ‌های واضح و تمرین صحبت کردن با بخش‌های تعاملی.
• محیطی امن برای کودکان: مجهز به قفل والدین و بدون هیچ‌گونه تبلیغات مزاحم.

Lumi گزینه‌ای عالی برای والدینی است که مایلند فرزندان خود را در فضایی آرام با زبان‌های خارجی آشنا کنند. همین امروز Lumi را دانلود کنید و این سفر آموزشی را آغاز نمایید!"
"iw","Lumi: לימוד שפות ומילים","משחקי אוצר מילים אינטראקטיביים ולימוד שפות לילדים עם לומי.","ברוכים הבאים ל-Lumi, האפליקציה האינטראקטיבית שנועדה לסייע לילדים ללמוד שפות ולהרחיב את אוצר המילים בצורה מהנה ומובנית!

Lumi משלבת למידה מוקדמת עם מיני-משחקים מעשירים, כדי לעזור לילדים לבנות בסיס איתן במגוון שפות כגון אנגלית, ספרדית, וייטנאמית, צרפתית וגרמנית. באמצעות תרגול הגייה, זיהוי צלילים, חידונים חזותיים ופעילויות מגוונות, לימוד שפה חדשה הופך להרגל יומי משמח.

תכונות עיקריות:

• שיעורי אוצר מילים מובנים: נושאים שנבחרו במיוחד לגילאים צעירים.
• משחקים רב-חושיים: חידוני תמונות, התאמת צלילים, ערבוב צבעים ומציאת חפצים מוסתרים.
• הדמות המונפשת Lumi: חבר מתוק שמגיב בזמן אמת, חוגג הצלחות ומעודד למידה מתמדת.
• מעקב התקדמות מקומי במכשיר: צפייה ברצפי למידה יומיים, ציונים וגרפים ללא צורך באינטרנט.
• תרגול דיבור והאזנה: האזנה להגייה ברורה ותרגול דיבור פעיל במודולים אינטראקטיביים.
• סביבה בטוחה לילדים: כוללת שער נעילת הורים וללא פרסומות מטרידות.

Lumi מהווה כלי נהדר להורים המעוניינים לחשוף את ילדיהם לשפות זרות בסביבה ביתית ונעימה. הורידו את Lumi היום והתחילו בחוויית הלמידה!"
"sr","Lumi: Učenje jezika i reči","Interaktivne igre rečnika i učenje stranih jezika za decu uz Lumija.","Dobrodošli u Lumi — interaktivnu aplikaciju stvorenu da pomogne deci u učenju stranih jezika i bogaćenju rečnika kroz igru!

Lumi spaja metode ranog obrazovanja sa zanimljivim mini-igrama kako bi mališani stekli čvrste osnove u jezicima poput engleskog, španskog, vijetnamskog, francuskog i nemačkog. Kroz vežbanje izgovora, prepoznavanje zvukova, slikovne kvizove i raznovrsne aktivnosti, učenje novog jezika postaje radostan svakodnevni trenutak.

Glavne karakteristike:

• Strukturisane lekcije rečnika: Teme pažljivo prilagođene dečjem uzrastu i interesovanjima.
• Višečulne igre: Slikovni kvizovi, povezivanje zvukova, mešanje boja i pronalaženje skrivenih predmeta.
• Animirani drugar Lumi: Simpatičan lik koji reaguje u realnom vremenu, slavi uspehe i podstiče na učenje.
• Praćenje napretka na uređaju: Pregledajte nizove svakodnevnog učenja, poene i grafikone usvojenih reči bez interneta.
• Izgovor i slušanje: Slušajte čist izgovor i vežbajte govor kroz interaktivne vežbe.
• Bezbedno okruženje: Zaštićeno roditeljskim zaključavanjem i bez nametljivih reklama.

Lumi pruža roditeljima pouzdan način za uvođenje stranih jezika u porodični dom. Preuzmite Lumi danas i započnite zajedničku avanturu učenja!"
"ta","Lumi: மொழி & சொல் கற்றல்","குழந்தைகளுக்கான வேடிக்கையான மொழி கற்றல் மற்றும் சொல் விளையாட்டுகள்.","குழந்தைகள் எளிமையாகவும் மகிழ்ச்சியாகவும் மொழிகளையும் புதிய சொற்களையும் கற்க உதவும் Lumi செயலಿಗೆ உங்களை அன்புடன் வரவேற்கிறோம்!

Lumi ஆரம்பக் கல்வியை சுவாரசியமான சிறு விளையாட்டுகளுடன் இணைத்து, ஆங்கிலம், ஸ்பானிஷ், வியட்நாமிய, பிரெஞ்சு மற்றும் ஜெர்மன் போன்ற மொழிகளில் உறுதியான அடித்தளத்தை உருவாக்க உதவுகிறது. உச்சரிப்பு பயிற்சி, ஒலி அறிதல், பட வினாடி வினாக்கள் மற்றும் சுறுசுறுப்பான செயல்பாடுகள் மூலம் புதிய மொழியைக் கற்பது ஒரு இனிமையான தினசரி அனுபவமாக மாறுகிறது.

முக்கிய அம்சங்கள்:

• திட்டமிடப்பட்ட சொல் பாடங்கள்: இளம் குழந்தைகளுக்கு ஏற்றவாறு எளிய தலைப்புகளில் அமைக்கப்பட்ட பாடங்கள்.
• பல உணர்வு விளையாட்டுகள்: பட வினாடி வினாக்கள், ஒலி பொருத்துதல், வண்ணக் கலவை மற்றும் மறைந்திருக்கும் பொருள்களைக் கண்டறிதல்.
• அனிமேஷன் தோழன் Lumi: குழந்தையின் முன்னேற்றத்தைக் கொண்டாடி, தொடர்ந்து கற்க ஊக்கமளிக்கும் அழகான கதாபாத்திரம்.
• சாதனத்தில் முன்னேற்றப் பதிவு: இணையம் இல்லாமலேயே தினசரி கற்றல் தொடர், மதிப்பெண்கள் மற்றும் நினைவக வரைபடங்களைக் காணலாம்.
• உச்சரிப்பு மற்றும் பேச்சுப் பயிற்சி: தெளிவான உச்சரிப்பைக் கேட்டு, நேரடியாகப் பேசிப் பழகும் வாய்ப்பு.
• குழந்தைகளுக்கு பாதுகாப்பானது: பெற்றோர் பாதுகாப்பு பூட்டு வசதியுடன், எவ்வித விளம்பரத் தொல்லையுமின்றி வடிவமைக்கப்பட்டுள்ளது.

வீட்டிலேயே குழந்தைகளுக்கு வெளிநாட்டு மொழிகளை அறிமுகப்படுத்த Lumi ஒரு சிறந்த தேர்வாகும். இன்றே Lumi செயலியைப் பதிவிறக்கம் செய்து உங்கள் குழந்தையின் கற்றல் பயணத்தைத் தொடங்குங்கள்!"
"te","Lumi: భాషలు & పదాల ఆటలు","Lumiతో పిల్లల కోసం వినోదాత్మక భాషా అభ్యాసం మరియు పదాల ఆటలు.","పిల్లలు సరదాగా మరియు క్రమబద్ధంగా కొత్త భాషలు, పదజాలం నేర్చుకోవడానికి రూపొందించిన ఇంటరాక్టివ్ యాప్ Lumiకి స్వాగతం!

Lumi ప్రారంభ విద్యను ఆకర్షణీయమైన చిన్న ఆటలతో మిళితం చేసి, పిల్లలకు ఇంగ్లీష్, స్పానిష్, వియత్నామీస్, ఫ్రెంచ్ మరియు జర్మన్ వంటి భాషలలో బలమైన పునాదిని ఏర్పరచడంలో సహాయపడుతుంది. ఉచ్చారణ సాధన, శబ్దాల గుర్తింపు, చిత్రాల క్విజ్‌లు మరియు ఉల్లాసకరమైన పనుల ద్వారా కొత్త భాషను నేర్చుకోవడం ప్రతిరోజూ ఒక ఆహ్లాదకరమైన అనుభవంగా మారుతుంది.

ముఖ్య లక్షణాలు:

• క్రమబద్ధమైన పదజాల పాఠాలు: చిన్న పిల్లల అవగాహనకు తగినట్లుగా రూపొందించిన అంశాలు.
• బహుళ-ఇంద్రియ ఆటలు: బొమ్మల క్విజ్‌లు, శబ్దాల అమరిక, రంగుల కలయిక మరియు దాగి ఉన్న వస్తువులను కనుగొనడం.
• యానిమేటెడ్ నేస్తం Lumi: నిజ సమయంలో ప్రతిస్పందిస్తూ, విజయాలను సంబరంగా మార్చి ఉత్సాహాన్ని నింపే పాత్ర.
• పరికరంలో పురోగతి వివరాలు: ఇంటర్నెట్ లేకుండానే రోజువారీ అభ్యాస క్రమం, పాయింట్లు మరియు గ్రాఫ్‌లను చూడవచ్చు.
• స్పష్టమైన ఉచ్చారణ మరియు మాటల సాధన: సరైన ఉచ్చారణను విని, ఇంటరాక్టివ్ మాడ్యూల్స్ ద్వారా మాట్లాడటం సాధన చేయండి.
• పిల్లలకు సురక్షితమైన వాతావరణం: పేరెంట్ లాక్ రక్షణతో, ఎటువంటి ప్రకటనల ఇబ్బంది లేకుండా ఉంటుంది.

ఇంట్లోనే పిల్లలకు విదేశీ భాషలను పరిచయం చేయాలనుకునే తల్లిదండ్రులకు Lumi చక్కని సహాయకారి. ఈరోజే Lumiని డౌన్‌లోడ్ చేసుకోండి!"
"tl","Lumi: Matuto ng Wika at Salita","Interaktibong pag-aaral ng wika at laro ng mga salita para sa mga bata.","Maligayang pagdating sa Lumi, ang interaktibong app na idinisenyo upang tulungan ang mga bata na matuto ng mga wika at bokabularyo sa masaya at maayos na paraan!

Pinagsasama ng Lumi ang maagang edukasyon at mga nakakaaliw na mini-game upang matulungan ang mga bata na magkaroon ng matibay na pundasyon sa mga wika tulad ng Ingles, Espanyol, Vietnamese, Pranses, at Aleman. Sa pamamagitan ng pagsasanay sa pagbigkas, pagkilala sa tunog, mga visual quiz, at masasayang aktibidad, ang pagtuklas ng bagong wika ay nagiging isang kasiya-siyang pang-araw-araw na karanasan.

Pangunahing Tampok:

• Maayos na Aralin sa Bokabularyo: Mga paksang angkop sa edad at madaling maunawaan ng mga bata.
• Multi-Sensory na Mini-Games: Mga quiz na may larawan, pagtutugma ng tunog, paghahalo ng kulay, at paghahanap ng mga nakatagong bagay.
• Animated na Kasama na si Lumi: Isang masayahing karakter na nagbibigay ng agarang reaksyon, nagdiriwang ng tagumpay, at nagpapanatili ng sigla.
• Pagsubaybay sa Progreso sa Device: Tingnan ang sunod-sunod na araw ng pag-aaral, marka, at mga graph kahit walang internet.
• Pagsasanay sa Pagbigkas at Pakikinig: Makinig sa malinaw na pagbigkas at magsanay magsalita gamit ang mga interaktibong gawain.
• Ligtas para sa mga Bata: May kasamang parental gate at walang nakakaabalang mga patalastas.

Ang Lumi ay angkop para sa mga magulang na nais magturo ng mga banyagang wika sa kanilang mga anak sa tahanan. I-download ang Lumi ngayon at simulan ang masayang pag-aaral!"
